
# Redirect domain alias

https://www.upplication.es/* https://www.upplication.com/:splat 301!

# Wingu:
# Try to redict any content "outside vodafone path" to the vodafone path


https://www.winguapps.com/condiciones https://www.winguapps.com/es/vodafone 301
https://www.winguapps.com/login https://dashboard.winguapps.com/v2/wingu-login 301!
https://www.winguapps.com/ https://dashboard.winguapps.com/v2/wingu-login 301!
# not working => too many redirects .... https://www.winguapps.com/* https://www.winguapps.com/es/vodafone/ 301!
# so we must add manually
https://www.winguapps.com/en/* https://www.winguapps.com/es/vodafone/ 301!
https://www.winguapps.com/pt/* https://www.winguapps.com/es/vodafone/ 301!
https://www.winguapps.com/id/* https://www.winguapps.com/es/vodafone/ 301!
https://www.winguapps.com/es-MX/* https://www.winguapps.com/es/vodafone/ 301!
https://www.winguapps.com/es/ https://www.winguapps.com/es/vodafone/ 301!
https://www.winguapps.com/es/telefonica/ https://www.winguapps.com/es/vodafone/ 301!
https://www.winguapps.com/es/oferta-practicas-developer/ https://www.winguapps.com/es/vodafone/ 301!
https://www.winguapps.com/es/ejemplos-vodafone/ https://www.winguapps.com/es/vodafone/ 301!
https://www.winguapps.com/es/precios/ https://www.winguapps.com/es/vodafone/ 301!
https://www.winguapps.com/es/progressive-web-app/ https://www.winguapps.com/es/vodafone/ 301!
https://www.winguapps.com/es/asis-and-gross/ https://www.winguapps.com/es/vodafone/ 301!
https://www.winguapps.com/es/fisiohogar/ https://www.winguapps.com/es/vodafone/ 301!
https://www.winguapps.com/es/terminos/ https://www.winguapps.com/es/vodafone/ 301!
https://www.winguapps.com/es/terminos/ https://www.winguapps.com/es/vodafone/ 301!

# seo redirects

/es/ / 301

/showcase/ /en/build-your-app/ 301
/inspirate/ / 301
/home_tlf/ /es/telefonica/ 301
/team/ /en/about-us/ 301
/pricing/ /en/prices/ 301
/equipo/ /es/nosotros/ 301
/tipos-marketing-movil/ https://blog.upplication.com/tipos-marketing-movil/ 301
/logo-upplication/ https://blog.upplication.com/logo-upplication/ 301
/ventajas-marketing-movil/ https://blog.upplication.com/ventajas-marketing-movil/ 301
/web-multidispositivo-aplicacion-movil/ https://blog.upplication.com/web-multidispositivo-aplicacion-movil/ 301
/mobile-world-congress-upplication/ https://blog.upplication.com/mobile-world-congress-upplication/ 301

/ejemplos-vodafone/ /es/asis-and-gross/ 301
/vodafone-examples/ /en/asis-and-gross-sucessfull-showcase/ 301
/exemplos-vodafone/ /pt/asis-and-gross-caso-bem-sucedido/ 301
/vodafone-examples-indonesian/ /id/asis-and-gross-sucessfull-showcase/ 301

/category/apps/ https://blog.upplication.com/category/aplicaciones-movil/ 301
/category/plantillas/ https://blog.upplication.com/category/dia-a-dia/ 301

/blog/autor/equipo-upplication/ /es/nosotros/ 301
/blog/blog-corporativo/ https://blog.upplication.com 301

/condicioneslegalesmovistar-upplication/ /es/terminos-aplicateca/ 301
/termsandconditionsmovistar-upplication/ /en/terms-aplicateca/ 301
/termsandconditionsmovistar-upplication-indonesian/ /id/terms-aplicateca/ 301
/condiçõeslegaismovistar-upplication/ /pt/termos-aplicateca/ 301
/build-app-mobile-terms/ /en/terms/ 301
/politica-subida-apps-app-store/ /es/terminos/ 301

# SEO redirect:
/nosotros/ /es/nosotros/ 301
/about-us/ /en/about-us/ 301
/nós/ /pt/nós/ 301
/about-us-indonesian/ /id/about-us/ 301

/bio-de-empresa/ /es/bio-de-empresa/ 301
/company-bio/ /en/company-bio/ 301
/bio-do-companhia/ /pt/bio-do-companhia/ 301
/company-bio-indonesian/ /id/company-bio/ 301

/centro-de-ayuda/ /es/centro-de-ayuda/ 301
/help-center/ /en/help-center/ 301
/centro-de-ajuda/ /pt/centro-de-ajuda/ 301
/help-center-indonesian/ /id/help-center/ 301

/build-your-app/ /en/ 301
/Criar-a-minha-app/ /pt/ 301
/generator-aplikasi/ /id/ 301

/telefonica/ /es/telefonica/ 301
/telefonica-en/ /en/telefonica/ 301
/telefonica-pt/ /pt/telefonica/ 301
/telefonica-id/ /id/telefonica/ 301

/oferta-practicas-developer/ /es/oferta-practicas-developer/ 301
/offer-trainee-developer/ /en/offer-trainee-developer/ 301
/oferta-estágio-developer/ /pt/oferta-estágio-developer/ 301
/offer-trainee-developer-indonesian/ /id/offer-trainee-developer/ 301

/oferta-practicas-marketing/ /es/oferta-practicas-marketing/ 301
/offer-trainee-marketing/ /en/offer-trainee-marketing/ 301
/oferta-estágio-marketing/ /pt/oferta-estágio-marketing/ 301
/offer-trainee-marketing-indonesian/ /id/offer-trainee-marketing/ 301

/ejemplos-vodafone/ /es/ejemplos-vodafone/ 301
/vodafone-examples/ /en/vodafone-examples/ 301
/exemplos-vodafone/ /pt/exemplos-vodafone/ 301
/vodafone-examples-indonesian/ /id/vodafone-examples/ 301

/precios/ /es/precios/ 301
/prices/ /en/prices/ 301
/preços/ /pt/preços/ 301
/prices-indonesian/ /id/prices/ 301

/precios-aplicateca/ /es/precios-aplicateca/ 301
/prices-aplicateca/ /en/prices-aplicateca/ 301
/preços-aplicateca/ /pt/preços-aplicateca/ 301
/prices-aplicateca-indonesian/ /id/prices-aplicateca/ 301

/asis-and-gross/ /es/asis-and-gross/ 301
/asis-and-gross-sucessfull-showcase/ /en/asis-and-gross-sucessfull-showcase/ 301
/asis-and-gross-caso-bem-sucedido/ /pt/asis-and-gross-caso-bem-sucedido/ 301
/asis-and-gross-sucessfull-showcase-indonesian/ /id/asis-and-gross-sucessfull-showcase/ 301

/fisiohogar/ /es/fisiohogar/ 301
/fisiohogar-sucessfull-showcase/ /en/fisiohogar-sucessfull-showcase/ 301
/fisiohogar-caso-bem-sucedido/ /pt/fisiohogar-caso-bem-sucedido/ 301
/fisiohogar-sucessfull-showcase-id/ /id/fisiohogar-sucessfull-showcase/ 301

/terminos/ /es/terminos/ 301
/terms/ /en/terms/ 301
/termos/ /pt/termos/ 301
/terms-indonesian/ /id/terms/ 301

/terminos-aplicateca/ /es/terminos-aplicateca/ 301
/terms-aplicateca/ /en/terms-aplicateca/ 301
/termos-aplicateca/ /pt/termos-aplicateca/ 301
/terms-aplicateca-indonesian/ /id/terms-aplicateca/ 301

/es/centro-de-ayuda/ https://www.youtube.com/playlist?list=PLK1kaM1jaEvuaZ0Zp38S5OYYWARq41-no 301
/en/help-center/ https://www.youtube.com/playlist?list=PLK1kaM1jaEvuaZ0Zp38S5OYYWARq41-no 301
/pt/centro-de-ajuda/ https://www.youtube.com/playlist?list=PLK1kaM1jaEvuaZ0Zp38S5OYYWARq41-no 301
/id/help-center/ https://www.youtube.com/playlist?list=PLK1kaM1jaEvuaZ0Zp38S5OYYWARq41-no 301
/mx/centro-de-ayuda/ https://www.youtube.com/playlist?list=PLK1kaM1jaEvuaZ0Zp38S5OYYWARq41-no 301

# BST (Santander Totta) :: Home
/es/santandertotta/ /es/conecte-o-seu-negocio/ 301
/en/santandertotta/ /en/conecte-o-seu-negocio/ 301
/id/santandertotta/ /id/conecte-o-seu-negocio/ 301
/pt/santandertotta/ /pt/conecte-o-seu-negocio/ 301

# BST (Santander Totta) :: TOS legal terms
/es/santandertotta-legal/ /es/legal-conecte-o-seu-negocio/ 301
/en/santandertotta-legal/ /en/legal-conecte-o-seu-negocio/ 301
/id/santandertotta-legal/ /id/legal-conecte-o-seu-negocio/ 301
/pt/santandertotta-legal/ /pt/legal-conecte-o-seu-negocio/ 301

# microlandings migrated to instapage
/crear-app-movil-*  /crear-app-movil/:splat 301

# blog redirect
/blog/*  https://blog.upplication.com/:splat  301

# proxy para s3
/como-conseguir-app-exito-rapido* https://s3-eu-west-1.amazonaws.com/upp-static/Consigue+que+tu+app+sea+un+%C3%A9xito+en+5+d%C3%ADas+(Upplication).pdf 200

# proxy estudio-mobile-pymes
/estudio-mobile-pymes-2016* http://microlanding.upplication.com/estudio-mobile-pymes-2016 200

# proxy microlandings
/crear-app-movil/* http://microlanding.upplication.com/crear-app-movil/:splat 200
/crear/* http://microlanding.upplication.com/crear-app-movil/:splat 200

# custom 404
/* /es/pagina-no-encontrada 404